incumbent,party,votes,votes_percent,candidate_name,description,geography,level,precincts_reporting,slug,sort_order,race_name,scraped_datetime
True,Dem,6240443,0.6003,Ricardo Lara,,California,California,"100% (25,554 of 25,554) precincts reporting",insurance-commissioner,7,Insurance Commissioner,2022-11-27T05:25:54.849302-08:00
False,Rep,4155166,0.3997,Robert Howell,,California,California,"100% (25,554 of 25,554) precincts reporting",insurance-commissioner,7,Insurance Commissioner,2022-11-27T05:25:54.849302-08:00
,,1169799,0.8054,Yes,,Court of Appeals District 1,California,"100.0% (4,323 of 4,323) precincts reporting",courts-of-appeal-district-1-therese-m-stewart,56,Courts of Appeal District 1: Therese M. Stewart,2022-11-27T05:25:54.849302-08:00
,,282596,0.1946,No,,Court of Appeals District 1,California,"100.0% (4,323 of 4,323) precincts reporting",courts-of-appeal-district-1-therese-m-stewart,56,Courts of Appeal District 1: Therese M. Stewart,2022-11-27T05:25:54.849302-08:00
,,1156854,0.8019,Yes,,Court of Appeals District 1,California,"100.0% (4,323 of 4,323) precincts reporting",courts-of-appeal-district-1-alison-m-tucher,57,Courts of Appeal District 1: Alison M. Tucher,2022-11-27T05:25:54.849302-08:00
,,285782,0.1981,No,,Court of Appeals District 1,California,"100.0% (4,323 of 4,323) precincts reporting",courts-of-appeal-district-1-alison-m-tucher,57,Courts of Appeal District 1: Alison M. Tucher,2022-11-27T05:25:54.849302-08:00
,,1118254,0.7877,Yes,,Court of Appeals District 1,California,"100.0% (4,323 of 4,323) precincts reporting",courts-of-appeal-district-1-ioana-petrou,58,Courts of Appeal District 1: Ioana Petrou,2022-11-27T05:25:54.849302-08:00
,,301409,0.2123,No,,Court of Appeals District 1,California,"100.0% (4,323 of 4,323) precincts reporting",courts-of-appeal-district-1-ioana-petrou,58,Courts of Appeal District 1: Ioana Petrou,2022-11-27T05:25:54.849302-08:00
,,1137304,0.799,Yes,,Court of Appeals District 1,California,"100.0% (4,323 of 4,323) precincts reporting",courts-of-appeal-district-1-carin-t-fujisaki,59,Courts of Appeal District 1: Carin T. Fujisaki,2022-11-27T05:25:54.849302-08:00
,,286071,0.201,No,,Court of Appeals District 1,California,"100.0% (4,323 of 4,323) precincts reporting",courts-of-appeal-district-1-carin-t-fujisaki,59,Courts of Appeal District 1: Carin T. Fujisaki,2022-11-27T05:25:54.849302-08:00
,,1138646,0.7937,Yes,,Court of Appeals District 1,California,"100.0% (4,323 of 4,323) precincts reporting",courts-of-appeal-district-1-victor-a-rodriguez,60,Courts of Appeal District 1: Victor A. Rodriguez,2022-11-27T05:25:54.849302-08:00
,,296023,0.2063,No,,Court of Appeals District 1,California,"100.0% (4,323 of 4,323) precincts reporting",courts-of-appeal-district-1-victor-a-rodriguez,60,Courts of Appeal District 1: Victor A. Rodriguez,2022-11-27T05:25:54.849302-08:00
,,1152161,0.81,Yes,,Court of Appeals District 1,California,"100.0% (4,323 of 4,323) precincts reporting",courts-of-appeal-district-1-tracie-l-brown,61,Courts of Appeal District 1: Tracie L. Brown,2022-11-27T05:25:54.849302-08:00
,,270287,0.19,No,,Court of Appeals District 1,California,"100.0% (4,323 of 4,323) precincts reporting",courts-of-appeal-district-1-tracie-l-brown,61,Courts of Appeal District 1: Tracie L. Brown,2022-11-27T05:25:54.849302-08:00
,,1098696,0.7784,Yes,,Court of Appeals District 1,California,"100.0% (4,323 of 4,323) precincts reporting",courts-of-appeal-district-1-jeremy-m-goldman,62,Courts of Appeal District 1: Jeremy M. Goldman,2022-11-27T05:25:54.849302-08:00
,,312714,0.2216,No,,Court of Appeals District 1,California,"100.0% (4,323 of 4,323) precincts reporting",courts-of-appeal-district-1-jeremy-m-goldman,62,Courts of Appeal District 1: Jeremy M. Goldman,2022-11-27T05:25:54.849302-08:00
,,1142077,0.8032,Yes,,Court of Appeals District 1,California,"100.0% (4,323 of 4,323) precincts reporting",courts-of-appeal-district-1-teri-l-jackson,63,Courts of Appeal District 1: Teri L. Jackson,2022-11-27T05:25:54.849302-08:00
,,279787,0.1968,No,,Court of Appeals District 1,California,"100.0% (4,323 of 4,323) precincts reporting",courts-of-appeal-district-1-teri-l-jackson,63,Courts of Appeal District 1: Teri L. Jackson,2022-11-27T05:25:54.849302-08:00
,,1106373,0.7869,Yes,,Court of Appeals District 1,California,"100.0% (4,323 of 4,323) precincts reporting",courts-of-appeal-district-1-gordon-b-burns,64,Courts of Appeal District 1: Gordon B. Burns,2022-11-27T05:25:54.849302-08:00
,,299651,0.2131,No,,Court of Appeals District 1,California,"100.0% (4,323 of 4,323) precincts reporting",courts-of-appeal-district-1-gordon-b-burns,64,Courts of Appeal District 1: Gordon B. Burns,2022-11-27T05:25:54.849302-08:00
,,1479091,0.708,Yes,,Court of Appeals District 2,California,"100.0% (5,750 of 5,750) precincts reporting",courts-of-appeal-district-2-frances-rothschild,65,Courts of Appeal District 2: Frances Rothschild,2022-11-27T05:25:54.849302-08:00
,,609934,0.292,No,,Court of Appeals District 2,California,"100.0% (5,750 of 5,750) precincts reporting",courts-of-appeal-district-2-frances-rothschild,65,Courts of Appeal District 2: Frances Rothschild,2022-11-27T05:25:54.849302-08:00
,,1558561,0.7611,Yes,,Court of Appeals District 2,California,"100.0% (5,750 of 5,750) precincts reporting",courts-of-appeal-district-2-judith-m-ashmann,66,Courts of Appeal District 2: Judith M. Ashmann,2022-11-27T05:25:54.849302-08:00
,,489231,0.2389,No,,Court of Appeals District 2,California,"100.0% (5,750 of 5,750) precincts reporting",courts-of-appeal-district-2-judith-m-ashmann,66,Courts of Appeal District 2: Judith M. Ashmann,2022-11-27T05:25:54.849302-08:00
,,1466638,0.7212,Yes,,Court of Appeals District 2,California,"100.0% (5,750 of 5,750) precincts reporting",courts-of-appeal-district-2-luis-a-lavin,67,Courts of Appeal District 2: Luis A. Lavin,2022-11-27T05:25:54.849302-08:00
,,567080,0.2788,No,,Court of Appeals District 2,California,"100.0% (5,750 of 5,750) precincts reporting",courts-of-appeal-district-2-luis-a-lavin,67,Courts of Appeal District 2: Luis A. Lavin,2022-11-27T05:25:54.849302-08:00
,,1502733,0.7366,Yes,,Court of Appeals District 2,California,"100.0% (5,750 of 5,750) precincts reporting",courts-of-appeal-district-2-audrey-b-collins,68,Courts of Appeal District 2: Audrey B. Collins,2022-11-27T05:25:54.849302-08:00
,,537343,0.2634,No,,Court of Appeals District 2,California,"100.0% (5,750 of 5,750) precincts reporting",courts-of-appeal-district-2-audrey-b-collins,68,Courts of Appeal District 2: Audrey B. Collins,2022-11-27T05:25:54.849302-08:00
,,1430312,0.7068,Yes,,Court of Appeals District 2,California,"100.0% (5,750 of 5,750) precincts reporting",courts-of-appeal-district-2-brian-s-currey,69,Courts of Appeal District 2: Brian S. Currey,2022-11-27T05:25:54.849302-08:00
,,593305,0.2932,No,,Court of Appeals District 2,California,"100.0% (5,750 of 5,750) precincts reporting",courts-of-appeal-district-2-brian-s-currey,69,Courts of Appeal District 2: Brian S. Currey,2022-11-27T05:25:54.849302-08:00
,,1483141,0.7235,Yes,,Court of Appeals District 2,California,"100.0% (5,750 of 5,750) precincts reporting",courts-of-appeal-district-2-laurence-d-rubin,70,Courts of Appeal District 2: Laurence D. Rubin,2022-11-27T05:25:54.849302-08:00
,,566768,0.2765,No,,Court of Appeals District 2,California,"100.0% (5,750 of 5,750) precincts reporting",courts-of-appeal-district-2-laurence-d-rubin,70,Courts of Appeal District 2: Laurence D. Rubin,2022-11-27T05:25:54.849302-08:00
,,1470911,0.7257,Yes,,Court of Appeals District 2,California,"100.0% (5,750 of 5,750) precincts reporting",courts-of-appeal-district-2-lamar-w-baker,71,Courts of Appeal District 2: Lamar W. Baker,2022-11-27T05:25:54.849302-08:00
,,555969,0.2743,No,,Court of Appeals District 2,California,"100.0% (5,750 of 5,750) precincts reporting",courts-of-appeal-district-2-lamar-w-baker,71,Courts of Appeal District 2: Lamar W. Baker,2022-11-27T05:25:54.849302-08:00
,,1455304,0.7185,Yes,,Court of Appeals District 2,California,"100.0% (5,750 of 5,750) precincts reporting",courts-of-appeal-district-2-hernaldo-j-baltodano,72,Courts of Appeal District 2: Hernaldo J. Baltodano,2022-11-27T05:25:54.849302-08:00
,,570277,0.2815,No,,Court of Appeals District 2,California,"100.0% (5,750 of 5,750) precincts reporting",courts-of-appeal-district-2-hernaldo-j-baltodano,72,Courts of Appeal District 2: Hernaldo J. Baltodano,2022-11-27T05:25:54.849302-08:00
,,1435812,0.7117,Yes,,Court of Appeals District 2,California,"100.0% (5,750 of 5,750) precincts reporting",courts-of-appeal-district-2-john-l-segal,73,Courts of Appeal District 2: John L. Segal,2022-11-27T05:25:54.849302-08:00
,,581496,0.2883,No,,Court of Appeals District 2,California,"100.0% (5,750 of 5,750) precincts reporting",courts-of-appeal-district-2-john-l-segal,73,Courts of Appeal District 2: John L. Segal,2022-11-27T05:25:54.849302-08:00
,,1498926,0.7314,Yes,,Court of Appeals District 2,California,"100.0% (5,750 of 5,750) precincts reporting",courts-of-appeal-district-2-maria-e-stratton,74,Courts of Appeal District 2: Maria E. Stratton,2022-11-27T05:25:54.849302-08:00
,,550584,0.2686,No,,Court of Appeals District 2,California,"100.0% (5,750 of 5,750) precincts reporting",courts-of-appeal-district-2-maria-e-stratton,74,Courts of Appeal District 2: Maria E. Stratton,2022-11-27T05:25:54.849302-08:00
,,1415104,0.703,Yes,,Court of Appeals District 2,California,"100.0% (5,750 of 5,750) precincts reporting",courts-of-appeal-district-2-john-shepard-wiley-jr,75,Courts of Appeal District 2: John Shepard Wiley Jr.,2022-11-27T05:25:54.849302-08:00
,,597875,0.297,No,,Court of Appeals District 2,California,"100.0% (5,750 of 5,750) precincts reporting",courts-of-appeal-district-2-john-shepard-wiley-jr,75,Courts of Appeal District 2: John Shepard Wiley Jr.,2022-11-27T05:25:54.849302-08:00
,,1560176,0.7699,Yes,,Court of Appeals District 2,California,"100.0% (5,750 of 5,750) precincts reporting",courts-of-appeal-district-2-elizabeth-annette-grimes,76,Courts of Appeal District 2: Elizabeth Annette Grimes,2022-11-27T05:25:54.849302-08:00
,,466194,0.2301,No,,Court of Appeals District 2,California,"100.0% (5,750 of 5,750) precincts reporting",courts-of-appeal-district-2-elizabeth-annette-grimes,76,Courts of Appeal District 2: Elizabeth Annette Grimes,2022-11-27T05:25:54.849302-08:00
,,624084,0.656,Yes,,Court of Appeals District 3,California,"100.0% (2,601 of 2,601) precincts reporting",courts-of-appeal-district-3-harry-hull,77,Courts of Appeal District 3: Harry Hull,2022-11-27T05:25:54.849302-08:00
,,327224,0.344,No,,Court of Appeals District 3,California,"100.0% (2,601 of 2,601) precincts reporting",courts-of-appeal-district-3-harry-hull,77,Courts of Appeal District 3: Harry Hull,2022-11-27T05:25:54.849302-08:00
,,595904,0.6196,Yes,,Court of Appeals District 3,California,"100.0% (2,601 of 2,601) precincts reporting",courts-of-appeal-district-3-laurie-m-earl,78,Courts of Appeal District 3: Laurie M. Earl,2022-11-27T05:25:54.849302-08:00
,,365863,0.3804,No,,Court of Appeals District 3,California,"100.0% (2,601 of 2,601) precincts reporting",courts-of-appeal-district-3-laurie-m-earl,78,Courts of Appeal District 3: Laurie M. Earl,2022-11-27T05:25:54.849302-08:00
,,615041,0.6393,Yes,,Court of Appeals District 3,California,"100.0% (2,601 of 2,601) precincts reporting",courts-of-appeal-district-3-stacy-boulware-eurie,79,Courts of Appeal District 3: Stacy Boulware Eurie,2022-11-27T05:25:54.849302-08:00
,,347025,0.3607,No,,Court of Appeals District 3,California,"100.0% (2,601 of 2,601) precincts reporting",courts-of-appeal-district-3-stacy-boulware-eurie,79,Courts of Appeal District 3: Stacy Boulware Eurie,2022-11-27T05:25:54.849302-08:00
,,1452500,0.6392,Yes,,Court of Appeals District 4,California,"100.0% (9,243 of 9,243) precincts reporting",courts-of-appeal-district-4-judith-mcconnell,80,Courts of Appeal District 4: Judith McConnell,2022-11-27T05:25:54.849302-08:00
,,819821,0.3608,No,,Court of Appeals District 4,California,"100.0% (9,243 of 9,243) precincts reporting",courts-of-appeal-district-4-judith-mcconnell,80,Courts of Appeal District 4: Judith McConnell,2022-11-27T05:25:54.849302-08:00
,,1375673,0.6159,Yes,,Court of Appeals District 4,California,"100.0% (9,243 of 9,243) precincts reporting",courts-of-appeal-district-4-martin-n-buchanan,81,Courts of Appeal District 4: Martin N. Buchanan,2022-11-27T05:25:54.849302-08:00
,,857901,0.3841,No,,Court of Appeals District 4,California,"100.0% (9,243 of 9,243) precincts reporting",courts-of-appeal-district-4-martin-n-buchanan,81,Courts of Appeal District 4: Martin N. Buchanan,2022-11-27T05:25:54.849302-08:00
,,1369392,0.6045,Yes,,Court of Appeals District 4,California,"100.0% (9,243 of 9,243) precincts reporting",courts-of-appeal-district-4-truc-t-do,82,Courts of Appeal District 4: Truc T. Do,2022-11-27T05:25:54.849302-08:00
,,895827,0.3955,No,,Court of Appeals District 4,California,"100.0% (9,243 of 9,243) precincts reporting",courts-of-appeal-district-4-truc-t-do,82,Courts of Appeal District 4: Truc T. Do,2022-11-27T05:25:54.849302-08:00
,,1609643,0.7188,Yes,,Court of Appeals District 4,California,"100.0% (9,243 of 9,243) precincts reporting",courts-of-appeal-district-4-manuel-a-ramirez,83,Courts of Appeal District 4: Manuel A. Ramirez,2022-11-27T05:25:54.849302-08:00
,,629607,0.2812,No,,Court of Appeals District 4,California,"100.0% (9,243 of 9,243) precincts reporting",courts-of-appeal-district-4-manuel-a-ramirez,83,Courts of Appeal District 4: Manuel A. Ramirez,2022-11-27T05:25:54.849302-08:00
,,1645496,0.7391,Yes,,Court of Appeals District 4,California,"100.0% (9,243 of 9,243) precincts reporting",courts-of-appeal-district-4-carol-d-codrington,84,Courts of Appeal District 4: Carol D. Codrington,2022-11-27T05:25:54.849302-08:00
,,580790,0.2609,No,,Court of Appeals District 4,California,"100.0% (9,243 of 9,243) precincts reporting",courts-of-appeal-district-4-carol-d-codrington,84,Courts of Appeal District 4: Carol D. Codrington,2022-11-27T05:25:54.849302-08:00
,,1363563,0.6157,Yes,,Court of Appeals District 4,California,"100.0% (9,243 of 9,243) precincts reporting",courts-of-appeal-district-4-michael-j-raphael,85,Courts of Appeal District 4: Michael J. Raphael,2022-11-27T05:25:54.849302-08:00
,,850958,0.3843,No,,Court of Appeals District 4,California,"100.0% (9,243 of 9,243) precincts reporting",courts-of-appeal-district-4-michael-j-raphael,85,Courts of Appeal District 4: Michael J. Raphael,2022-11-27T05:25:54.849302-08:00
,,1323332,0.5987,Yes,,Court of Appeals District 4,California,"100.0% (9,243 of 9,243) precincts reporting",courts-of-appeal-district-4-frank-menetrez,86,Courts of Appeal District 4: Frank Menetrez,2022-11-27T05:25:54.849302-08:00
,,887109,0.4013,No,,Court of Appeals District 4,California,"100.0% (9,243 of 9,243) precincts reporting",courts-of-appeal-district-4-frank-menetrez,86,Courts of Appeal District 4: Frank Menetrez,2022-11-27T05:25:54.849302-08:00
,,1431825,0.6447,Yes,,Court of Appeals District 4,California,"100.0% (9,243 of 9,243) precincts reporting",courts-of-appeal-district-4-kathleen-e-o-leary,87,Courts of Appeal District 4: Kathleen E. O'Leary,2022-11-27T05:25:54.849302-08:00
,,789188,0.3553,No,,Court of Appeals District 4,California,"100.0% (9,243 of 9,243) precincts reporting",courts-of-appeal-district-4-kathleen-e-o-leary,87,Courts of Appeal District 4: Kathleen E. O'Leary,2022-11-27T05:25:54.849302-08:00
,,1328626,0.6022,Yes,,Court of Appeals District 4,California,"100.0% (9,243 of 9,243) precincts reporting",courts-of-appeal-district-4-william-w-bedsworth,88,Courts of Appeal District 4: William W. Bedsworth,2022-11-27T05:25:54.849302-08:00
,,877513,0.3978,No,,Court of Appeals District 4,California,"100.0% (9,243 of 9,243) precincts reporting",courts-of-appeal-district-4-william-w-bedsworth,88,Courts of Appeal District 4: William W. Bedsworth,2022-11-27T05:25:54.849302-08:00
,,1423347,0.642,Yes,,Court of Appeals District 4,California,"100.0% (9,243 of 9,243) precincts reporting",courts-of-appeal-district-4-eileen-c-moore,89,Courts of Appeal District 4: Eileen C. Moore,2022-11-27T05:25:54.849302-08:00
,,793800,0.358,No,,Court of Appeals District 4,California,"100.0% (9,243 of 9,243) precincts reporting",courts-of-appeal-district-4-eileen-c-moore,89,Courts of Appeal District 4: Eileen C. Moore,2022-11-27T05:25:54.849302-08:00
,,1361101,0.6149,Yes,,Court of Appeals District 4,California,"100.0% (9,243 of 9,243) precincts reporting",courts-of-appeal-district-4-joanne-motoike,90,Courts of Appeal District 4: Joanne Motoike,2022-11-27T05:25:54.849302-08:00
,,852534,0.3851,No,,Court of Appeals District 4,California,"100.0% (9,243 of 9,243) precincts reporting",courts-of-appeal-district-4-joanne-motoike,90,Courts of Appeal District 4: Joanne Motoike,2022-11-27T05:25:54.849302-08:00
,,1358786,0.6117,Yes,,Court of Appeals District 4,California,"100.0% (9,243 of 9,243) precincts reporting",courts-of-appeal-district-4-maurice-sanchez,91,Courts of Appeal District 4: Maurice Sanchez,2022-11-27T05:25:54.849302-08:00
,,862569,0.3883,No,,Court of Appeals District 4,California,"100.0% (9,243 of 9,243) precincts reporting",courts-of-appeal-district-4-maurice-sanchez,91,Courts of Appeal District 4: Maurice Sanchez,2022-11-27T05:25:54.849302-08:00
,,446235,0.6927,Yes,,Court of Appeals District 5,California,"100.0% (2,415 of 2,415) precincts reporting",courts-of-appeal-district-5-brad-r-hill,92,Courts of Appeal District 5: Brad R. Hill,2022-11-27T05:25:54.849302-08:00
,,197956,0.3073,No,,Court of Appeals District 5,California,"100.0% (2,415 of 2,415) precincts reporting",courts-of-appeal-district-5-brad-r-hill,92,Courts of Appeal District 5: Brad R. Hill,2022-11-27T05:25:54.849302-08:00
,,437745,0.6826,Yes,,Court of Appeals District 5,California,"100.0% (2,415 of 2,415) precincts reporting",courts-of-appeal-district-5-bert-levy,93,Courts of Appeal District 5: Bert Levy,2022-11-27T05:25:54.849302-08:00
,,203549,0.3174,No,,Court of Appeals District 5,California,"100.0% (2,415 of 2,415) precincts reporting",courts-of-appeal-district-5-bert-levy,93,Courts of Appeal District 5: Bert Levy,2022-11-27T05:25:54.849302-08:00
,,445445,0.693,Yes,,Court of Appeals District 5,California,"100.0% (2,415 of 2,415) precincts reporting",courts-of-appeal-district-5-jennifer-detjen,94,Courts of Appeal District 5: Jennifer Detjen,2022-11-27T05:25:54.849302-08:00
,,197290,0.307,No,,Court of Appeals District 5,California,"100.0% (2,415 of 2,415) precincts reporting",courts-of-appeal-district-5-jennifer-detjen,94,Courts of Appeal District 5: Jennifer Detjen,2022-11-27T05:25:54.849302-08:00
,,465938,0.7939,Yes,,Court of Appeals District 6,California,"100.0% (1,222 of 1,222) precincts reporting",courts-of-appeal-district-6-mary-j-greenwood,95,Courts of Appeal District 6: Mary J. Greenwood,2022-11-27T05:25:54.849302-08:00
,,120961,0.2061,No,,Court of Appeals District 6,California,"100.0% (1,222 of 1,222) precincts reporting",courts-of-appeal-district-6-mary-j-greenwood,95,Courts of Appeal District 6: Mary J. Greenwood,2022-11-27T05:25:54.849302-08:00
,,450151,0.7734,Yes,,Court of Appeals District 6,California,"100.0% (1,222 of 1,222) precincts reporting",courts-of-appeal-district-6-charles-e-wilson-ii,96,Courts of Appeal District 6: Charles E. Wilson II,2022-11-27T05:25:54.849302-08:00
,,131868,0.2266,No,,Court of Appeals District 6,California,"100.0% (1,222 of 1,222) precincts reporting",courts-of-appeal-district-6-charles-e-wilson-ii,96,Courts of Appeal District 6: Charles E. Wilson II,2022-11-27T05:25:54.849302-08:00
,,445927,0.7799,Yes,,Court of Appeals District 6,California,"100.0% (1,222 of 1,222) precincts reporting",courts-of-appeal-district-6-cynthia-c-lie,97,Courts of Appeal District 6: Cynthia C. Lie,2022-11-27T05:25:54.849302-08:00
,,125835,0.2201,No,,Court of Appeals District 6,California,"100.0% (1,222 of 1,222) precincts reporting",courts-of-appeal-district-6-cynthia-c-lie,97,Courts of Appeal District 6: Cynthia C. Lie,2022-11-27T05:25:54.849302-08:00
True,Dem,6344973,0.6015,Shirley N. Weber,,California,California,"100% (25,554 of 25,554) precincts reporting",secretary-of-state,3,Secretary of State,2022-11-27T05:25:54.849302-08:00
False,Rep,4203713,0.3985,Rob Bernosky,,California,California,"100% (25,554 of 25,554) precincts reporting",secretary-of-state,3,Secretary of State,2022-11-27T05:25:54.849302-08:00
,,7041812,0.6692,Yes,Constitutional Right to Reproductive Freedom,California,California,"100.0% (25,554 of 25,554) precincts reporting",proposition-1,45,Proposition 1: Constitutional Right to Reproductive Freedom,2022-11-27T05:25:54.849302-08:00
,,3481251,0.3308,No,Constitutional Right to Reproductive Freedom,California,California,"100.0% (25,554 of 25,554) precincts reporting",proposition-1,45,Proposition 1: Constitutional Right to Reproductive Freedom,2022-11-27T05:25:54.849302-08:00
,,3439727,0.3296,Yes,Sports Wagering on Tribal Lands,California,California,"100.0% (25,554 of 25,554) precincts reporting",proposition-26,46,Proposition 26: Sports Wagering on Tribal Lands,2022-11-27T05:25:54.849302-08:00
,,6995975,0.6704,No,Sports Wagering on Tribal Lands,California,California,"100.0% (25,554 of 25,554) precincts reporting",proposition-26,46,Proposition 26: Sports Wagering on Tribal Lands,2022-11-27T05:25:54.849302-08:00
,,1862514,0.1766,Yes,Online Sports Wagering Outside of Tribal Lands,California,California,"100.0% (25,554 of 25,554) precincts reporting",proposition-27,47,Proposition 27: Online Sports Wagering Outside of Tribal Lands,2022-11-27T05:25:54.849302-08:00
,,8682857,0.8234,No,Online Sports Wagering Outside of Tribal Lands,California,California,"100.0% (25,554 of 25,554) precincts reporting",proposition-27,47,Proposition 27: Online Sports Wagering Outside of Tribal Lands,2022-11-27T05:25:54.849302-08:00
,,6787378,0.6438,Yes,Public School Arts and Music Education Funding,California,California,"100.0% (25,554 of 25,554) precincts reporting",proposition-28,48,Proposition 28: Public School Arts and Music Education Funding,2022-11-27T05:25:54.849302-08:00
,,3754930,0.3562,No,Public School Arts and Music Education Funding,California,California,"100.0% (25,554 of 25,554) precincts reporting",proposition-28,48,Proposition 28: Public School Arts and Music Education Funding,2022-11-27T05:25:54.849302-08:00
,,3297723,0.3159,Yes,Regulates Kidney Dialysis Clinics,California,California,"100.0% (25,554 of 25,554) precincts reporting",proposition-29,49,Proposition 29: Regulates Kidney Dialysis Clinics,2022-11-27T05:25:54.849302-08:00
,,7140659,0.6841,No,Regulates Kidney Dialysis Clinics,California,California,"100.0% (25,554 of 25,554) precincts reporting",proposition-29,49,Proposition 29: Regulates Kidney Dialysis Clinics,2022-11-27T05:25:54.849302-08:00
,,4465459,0.4231,Yes,Tax to Fund ZEV/Wildfire Programs,California,California,"100.0% (25,554 of 25,554) precincts reporting",proposition-30,50,Proposition 30: Tax to Fund ZEV/Wildfire Programs,2022-11-27T05:25:54.849302-08:00
,,6088521,0.5769,No,Tax to Fund ZEV/Wildfire Programs,California,California,"100.0% (25,554 of 25,554) precincts reporting",proposition-30,50,Proposition 30: Tax to Fund ZEV/Wildfire Programs,2022-11-27T05:25:54.849302-08:00
,,6679003,0.635,Yes,Prohibition on Sale of Certain Tobacco Products,California,California,"100.0% (25,554 of 25,554) precincts reporting",proposition-31,51,Proposition 31: Prohibition on Sale of Certain Tobacco Products,2022-11-27T05:25:54.849302-08:00
,,3838467,0.365,No,Prohibition on Sale of Certain Tobacco Products,California,California,"100.0% (25,554 of 25,554) precincts reporting",proposition-31,51,Proposition 31: Prohibition on Sale of Certain Tobacco Products,2022-11-27T05:25:54.849302-08:00
,,6077917,0.7102,Yes,,California,California,"100.0% (25,554 of 25,554) precincts reporting",retain-supreme-court-justice-patricia-guerrero,55,Retain Supreme Court Justice Patricia Guerrero,2022-11-27T05:25:54.849302-08:00
,,2479791,0.2898,No,,California,California,"100.0% (25,554 of 25,554) precincts reporting",retain-supreme-court-justice-patricia-guerrero,55,Retain Supreme Court Justice Patricia Guerrero,2022-11-27T05:25:54.849302-08:00
,,5718848,0.6944,Yes,,California,California,"100.0% (25,554 of 25,554) precincts reporting",retain-supreme-court-justice-martin-j-jenkins,54,Retain Supreme Court Justice Martin J. Jenkins,2022-11-27T05:25:54.849302-08:00
,,2516838,0.3056,No,,California,California,"100.0% (25,554 of 25,554) precincts reporting",retain-supreme-court-justice-martin-j-jenkins,54,Retain Supreme Court Justice Martin J. Jenkins,2022-11-27T05:25:54.849302-08:00
,,5798868,0.6934,Yes,,California,California,"100.0% (25,554 of 25,554) precincts reporting",retain-supreme-court-justice-goodwin-liu,52,Retain Supreme Court Justice Goodwin Liu,2022-11-27T05:25:54.849302-08:00
,,2563726,0.3066,No,,California,California,"100.0% (25,554 of 25,554) precincts reporting",retain-supreme-court-justice-goodwin-liu,52,Retain Supreme Court Justice Goodwin Liu,2022-11-27T05:25:54.849302-08:00
,,5561792,0.6815,Yes,,California,California,"100.0% (25,554 of 25,554) precincts reporting",retain-supreme-court-justice-joshua-p-groban,53,Retain Supreme Court Justice Joshua P. Groban,2022-11-27T05:25:54.849302-08:00
,,2599586,0.3185,No,,California,California,"100.0% (25,554 of 25,554) precincts reporting",retain-supreme-court-justice-joshua-p-groban,53,Retain Supreme Court Justice Joshua P. Groban,2022-11-27T05:25:54.849302-08:00
False,Dem,6440555,0.6099,Alex Padilla,Partial/Unexpired Term,United States,United States,"100% (25,554 of 25,554) precincts reporting",u-s-senate-partial-unexpired-term,2,U.S. Senate (Partial/Unexpired Term),2022-11-27T05:25:54.849302-08:00
False,Rep,4119101,0.3901,Mark P. Meuser,Partial/Unexpired Term,United States,United States,"100% (25,554 of 25,554) precincts reporting",u-s-senate-partial-unexpired-term,2,U.S. Senate (Partial/Unexpired Term),2022-11-27T05:25:54.849302-08:00
False,Dem,5828514,0.5543,Malia M. Cohen,,California,California,"100% (25,554 of 25,554) precincts reporting",controller,4,Controller,2022-11-27T05:25:54.849302-08:00
False,Rep,4686139,0.4457,Lanhee J. Chen,,California,California,"100% (25,554 of 25,554) precincts reporting",controller,4,Controller,2022-11-27T05:25:54.849302-08:00
True,Dem,6173942,0.589,Fiona Ma,,California,California,"100% (25,554 of 25,554) precincts reporting",treasurer,5,Treasurer,2022-11-27T05:25:54.849302-08:00
False,Rep,4308369,0.411,Jack M. Guerrero,,California,California,"100% (25,554 of 25,554) precincts reporting",treasurer,5,Treasurer,2022-11-27T05:25:54.849302-08:00
False,Dem,64510,0.3892,Derek Marshall,,United States,United States,"100% (1,566 of 1,566) precincts reporting",u-s-house-of-representatives-district-23,3,U.S. House of Representatives District 23,2022-11-27T05:25:54.849302-08:00
True,Rep,101219,0.6108,Jay Obernolte,,United States,United States,"100% (1,566 of 1,566) precincts reporting",u-s-house-of-representatives-district-23,3,U.S. House of Representatives District 23,2022-11-27T05:25:54.849302-08:00
True,Dem,133929,0.5454,Julia Brownley,,United States,United States,"100% (1,253 of 1,253) precincts reporting",u-s-house-of-representatives-district-26,4,U.S. House of Representatives District 26,2022-11-27T05:25:54.849302-08:00
False,Rep,111637,0.4546,Matt Jacobs,,United States,United States,"100% (1,253 of 1,253) precincts reporting",u-s-house-of-representatives-district-26,4,U.S. House of Representatives District 26,2022-11-27T05:25:54.849302-08:00
False,Dem,91669,0.4675,Christy Smith,,United States,United States,100% (468 of 468) precincts reporting,u-s-house-of-representatives-district-27,5,U.S. House of Representatives District 27,2022-11-27T05:25:54.849302-08:00
True,Rep,104433,0.5325,Mike Garcia,,United States,United States,100% (468 of 468) precincts reporting,u-s-house-of-representatives-district-27,5,U.S. House of Representatives District 27,2022-11-27T05:25:54.849302-08:00
True,Dem,149590,0.6629,Judy Chu,,United States,United States,100% (530 of 530) precincts reporting,u-s-house-of-representatives-district-28,6,U.S. House of Representatives District 28,2022-11-27T05:25:54.849302-08:00
False,Rep,76081,0.3371,Wes Hallman,,United States,United States,100% (530 of 530) precincts reporting,u-s-house-of-representatives-district-28,6,U.S. House of Representatives District 28,2022-11-27T05:25:54.849302-08:00
True,Dem,69671,0.5855,Tony Cardenas,,United States,United States,100% (165 of 165) precincts reporting,u-s-house-of-representatives-district-29,7,U.S. House of Representatives District 29,2022-11-27T05:25:54.849302-08:00
False,Dem,49320,0.4145,Angélica María Dueñas,,United States,United States,100% (165 of 165) precincts reporting,u-s-house-of-representatives-district-29,7,U.S. House of Representatives District 29,2022-11-27T05:25:54.849302-08:00
False,Dem,60866,0.2888,"G ""Maebe A. Girl"" Pudlo",,United States,United States,100% (252 of 252) precincts reporting,u-s-house-of-representatives-district-30,8,U.S. House of Representatives District 30,2022-11-27T05:25:54.849302-08:00
True,Dem,149885,0.7112,Adam B. Schiff,,United States,United States,100% (252 of 252) precincts reporting,u-s-house-of-representatives-district-30,8,U.S. House of Representatives District 30,2022-11-27T05:25:54.849302-08:00
True,Dem,91255,0.5953,Grace F. Napolitano,,United States,United States,100% (426 of 426) precincts reporting,u-s-house-of-representatives-district-31,9,U.S. House of Representatives District 31,2022-11-27T05:25:54.849302-08:00
False,Rep,62026,0.4047,Daniel Bocic Martinez,,United States,United States,100% (426 of 426) precincts reporting,u-s-house-of-representatives-district-31,9,U.S. House of Representatives District 31,2022-11-27T05:25:54.849302-08:00
True,Dem,167094,0.6919,Brad Sherman,,United States,United States,100% (239 of 239) precincts reporting,u-s-house-of-representatives-district-32,10,U.S. House of Representatives District 32,2022-11-27T05:25:54.849302-08:00
False,Rep,74417,0.3081,Lucie Lapointe Volotzky,,United States,United States,100% (239 of 239) precincts reporting,u-s-house-of-representatives-district-32,10,U.S. House of Representatives District 32,2022-11-27T05:25:54.849302-08:00
True,Dem,62049,0.5125,Jimmy Gomez,,United States,United States,100% (174 of 174) precincts reporting,u-s-house-of-representatives-district-34,11,U.S. House of Representatives District 34,2022-11-27T05:25:54.849302-08:00
False,Dem,59025,0.4875,David Kim,,United States,United States,100% (174 of 174) precincts reporting,u-s-house-of-representatives-district-34,11,U.S. House of Representatives District 34,2022-11-27T05:25:54.849302-08:00
True,Dem,73866,0.5736,Norma J. Torres,,United States,United States,100% (437 of 437) precincts reporting,u-s-house-of-representatives-district-35,12,U.S. House of Representatives District 35,2022-11-27T05:25:54.849302-08:00
False,Rep,54920,0.4264,Mike Cargile,,United States,United States,100% (437 of 437) precincts reporting,u-s-house-of-representatives-district-35,12,U.S. House of Representatives District 35,2022-11-27T05:25:54.849302-08:00
True,Dem,193987,0.6974,Ted W. Lieu,,United States,United States,100% (242 of 242) precincts reporting,u-s-house-of-representatives-district-36,13,U.S. House of Representatives District 36,2022-11-27T05:25:54.849302-08:00
False,Rep,84156,0.3026,Joe E. Collins Iii,,United States,United States,100% (242 of 242) precincts reporting,u-s-house-of-representatives-district-36,13,U.S. House of Representatives District 36,2022-11-27T05:25:54.849302-08:00
True,Dem,84203,0.6396,Sydney Kamlager,,United States,United States,100% (203 of 203) precincts reporting,u-s-house-of-representatives-district-37,14,U.S. House of Representatives District 37,2022-11-27T05:25:54.849302-08:00
False,Dem,47453,0.3604,Jan C. Perry,,United States,United States,100% (203 of 203) precincts reporting,u-s-house-of-representatives-district-37,14,U.S. House of Representatives District 37,2022-11-27T05:25:54.849302-08:00
True,Dem,101015,0.581,Linda T. Sánchez,,United States,United States,100% (317 of 317) precincts reporting,u-s-house-of-representatives-district-38,15,U.S. House of Representatives District 38,2022-11-27T05:25:54.849302-08:00
False,Rep,72863,0.419,Eric J. Ching,,United States,United States,100% (317 of 317) precincts reporting,u-s-house-of-representatives-district-38,15,U.S. House of Representatives District 38,2022-11-27T05:25:54.849302-08:00
True,Dem,99022,0.6836,Robert Garcia,,United States,United States,100% (218 of 218) precincts reporting,u-s-house-of-representatives-district-42,16,U.S. House of Representatives District 42,2022-11-27T05:25:54.849302-08:00
False,Rep,45829,0.3164,John Briscoe,,United States,United States,100% (218 of 218) precincts reporting,u-s-house-of-representatives-district-42,16,U.S. House of Representatives District 42,2022-11-27T05:25:54.849302-08:00
True,Dem,95267,0.7732,Maxine Waters,,United States,United States,100% (258 of 258) precincts reporting,u-s-house-of-representatives-district-43,17,U.S. House of Representatives District 43,2022-11-27T05:25:54.849302-08:00
False,Rep,27938,0.2268,Omar Navarro,,United States,United States,100% (258 of 258) precincts reporting,u-s-house-of-representatives-district-43,17,U.S. House of Representatives District 43,2022-11-27T05:25:54.849302-08:00
True,Dem,99962,0.722,Nanette Diaz Barragan,,United States,United States,100% (258 of 258) precincts reporting,u-s-house-of-representatives-district-44,18,U.S. House of Representatives District 44,2022-11-27T05:25:54.849302-08:00
False,Rep,38491,0.278,Paul Jones,,United States,United States,100% (258 of 258) precincts reporting,u-s-house-of-representatives-district-44,18,U.S. House of Representatives District 44,2022-11-27T05:25:54.849302-08:00
False,Dem,102845,0.476,Jay F. Chen,,United States,United States,100% (450 of 450) precincts reporting,u-s-house-of-representatives-district-45,19,U.S. House of Representatives District 45,2022-11-27T05:25:54.849302-08:00
True,Rep,113227,0.524,Michelle Steel,,United States,United States,100% (450 of 450) precincts reporting,u-s-house-of-representatives-district-45,19,U.S. House of Representatives District 45,2022-11-27T05:25:54.849302-08:00
False,Dem,62575,0.4154,Daniel Hertzberg,,State Assembly,California,100% (224 of 224) precincts reporting,state-senate-district-20,8,State Senate District 20,2022-11-27T05:25:54.849302-08:00
False,Dem,88051,0.5846,Caroline Menjivar,,State Assembly,California,100% (224 of 224) precincts reporting,state-senate-district-20,8,State Senate District 20,2022-11-27T05:25:54.849302-08:00
True,Dem,109407,0.5852,Susan Rubio,,State Assembly,California,100% (572 of 572) precincts reporting,state-senate-district-22,9,State Senate District 22,2022-11-27T05:25:54.849302-08:00
False,Rep,77535,0.4148,Vincent Tsai,,State Assembly,California,100% (572 of 572) precincts reporting,state-senate-district-22,9,State Senate District 22,2022-11-27T05:25:54.849302-08:00
True,Dem,248245,0.6711,Ben Allen,,State Assembly,California,100% (358 of 358) precincts reporting,state-senate-district-24,10,State Senate District 24,2022-11-27T05:25:54.849302-08:00
False,Rep,121638,0.3289,Kristina Irwin,,State Assembly,California,100% (358 of 358) precincts reporting,state-senate-district-24,10,State Senate District 24,2022-11-27T05:25:54.849302-08:00
True,Dem,155380,0.8294,Maria Elena Durazo,,State Assembly,California,100% (243 of 243) precincts reporting,state-senate-district-26,11,State Senate District 26,2022-11-27T05:25:54.849302-08:00
False,Rep,31959,0.1706,Claudia Agraz,,State Assembly,California,100% (243 of 243) precincts reporting,state-senate-district-26,11,State Senate District 26,2022-11-27T05:25:54.849302-08:00
False,Dem,117131,0.5993,Lola Smallwood-Cuevas,,State Assembly,California,100% (281 of 281) precincts reporting,state-senate-district-28,12,State Senate District 28,2022-11-27T05:25:54.849302-08:00
False,Dem,78323,0.4007,Cheryl C. Turner,,State Assembly,California,100% (281 of 281) precincts reporting,state-senate-district-28,12,State Senate District 28,2022-11-27T05:25:54.849302-08:00
True,Dem,129595,0.6095,Bob Archuleta,,State Assembly,California,100% (428 of 428) precincts reporting,state-senate-district-30,13,State Senate District 30,2022-11-27T05:25:54.849302-08:00
False,Rep,83017,0.3905,Mitch Clemmons,,State Assembly,California,100% (428 of 428) precincts reporting,state-senate-district-30,13,State Senate District 30,2022-11-27T05:25:54.849302-08:00
True,Dem,95705,0.5873,Tom Umberg,,State Assembly,California,100% (436 of 436) precincts reporting,state-senate-district-34,14,State Senate District 34,2022-11-27T05:25:54.849302-08:00
False,Rep,67263,0.4127,Rhonda Shader,,State Assembly,California,100% (436 of 436) precincts reporting,state-senate-district-34,14,State Senate District 34,2022-11-27T05:25:54.849302-08:00
False,Dem,148224,0.4315,Kim Carr,,State Assembly,California,100% (653 of 653) precincts reporting,state-senate-district-36,15,State Senate District 36,2022-11-27T05:25:54.849302-08:00
True,Rep,195322,0.5685,Janet Nguyen,,State Assembly,California,100% (653 of 653) precincts reporting,state-senate-district-36,15,State Senate District 36,2022-11-27T05:25:54.849302-08:00
False,Dem,6501845,0.6116,Alex Padilla,Full term,United States,United States,"100% (25,554 of 25,554) precincts reporting",u-s-senate-full-term,1,U.S. Senate (Full Term),2022-11-27T05:25:54.849302-08:00
False,Rep,4128628,0.3884,Mark P. Meuser,Full term,United States,United States,"100% (25,554 of 25,554) precincts reporting",u-s-senate-full-term,1,U.S. Senate (Full Term),2022-11-27T05:25:54.849302-08:00
True,Dem,6354770,0.593,Gavin Newsom,,California,California,"100% (25,554 of 25,554) precincts reporting",governor,1,Governor,2022-11-27T05:25:54.849302-08:00
False,Rep,4361879,0.407,Brian Dahle,,California,California,"100% (25,554 of 25,554) precincts reporting",governor,1,Governor,2022-11-27T05:25:54.849302-08:00
False,Non,3174494,0.363,Lance Ray Christensen,,California,California,"100% (25,554 of 25,554) precincts reporting",superintendent-of-public-instruction,44,Superintendent of Public Instruction,2022-11-27T05:25:54.849302-08:00
True,Non,5571863,0.637,Tony K. Thurmond,,California,California,"100% (25,554 of 25,554) precincts reporting",superintendent-of-public-instruction,44,Superintendent of Public Instruction,2022-11-27T05:25:54.849302-08:00
False,Rep,63016,0.5658,Tom Lackey,,State Assembly,California,"100% (1,242 of 1,242) precincts reporting",state-assembly-district-34,16,State Assembly District 34,2022-11-27T05:25:54.849302-08:00
False,Rep,48354,0.4342,"Thurston ""Smitty"" Smith",,State Assembly,California,"100% (1,242 of 1,242) precincts reporting",state-assembly-district-34,16,State Assembly District 34,2022-11-27T05:25:54.849302-08:00
False,Dem,37250,0.5704,Juan Carrillo,,State Assembly,California,100% (264 of 264) precincts reporting,state-assembly-district-39,17,State Assembly District 39,2022-11-27T05:25:54.849302-08:00
False,Rep,28051,0.4296,Paul Andre Marsh,,State Assembly,California,100% (264 of 264) precincts reporting,state-assembly-district-39,17,State Assembly District 39,2022-11-27T05:25:54.849302-08:00
False,Dem,79562,0.5016,Pilar Schiavo,,State Assembly,California,100% (266 of 266) precincts reporting,state-assembly-district-40,18,State Assembly District 40,2022-11-27T05:25:54.849302-08:00
False,Rep,79064,0.4984,Suzette Martinez Valladares,,State Assembly,California,100% (266 of 266) precincts reporting,state-assembly-district-40,18,State Assembly District 40,2022-11-27T05:25:54.849302-08:00
True,Dem,104269,0.6008,Chris Holden,,State Assembly,California,100% (429 of 429) precincts reporting,state-assembly-district-41,19,State Assembly District 41,2022-11-27T05:25:54.849302-08:00
False,Rep,69279,0.3992,Michael Mcmahon,,State Assembly,California,100% (429 of 429) precincts reporting,state-assembly-district-41,19,State Assembly District 41,2022-11-27T05:25:54.849302-08:00
True,Dem,117689,0.5507,Jacqui Irwin,,State Assembly,California,100% (664 of 664) precincts reporting,state-assembly-district-42,20,State Assembly District 42,2022-11-27T05:25:54.849302-08:00
False,Rep,96025,0.4493,Lori Mills,,State Assembly,California,100% (664 of 664) precincts reporting,state-assembly-district-42,20,State Assembly District 42,2022-11-27T05:25:54.849302-08:00
True,Dem,55178,0.7463,Luz Maria Rivas,,State Assembly,California,100% (108 of 108) precincts reporting,state-assembly-district-43,21,State Assembly District 43,2022-11-27T05:25:54.849302-08:00
False,Rep,18754,0.2537,Siaka Massaquoi,,State Assembly,California,100% (108 of 108) precincts reporting,state-assembly-district-43,21,State Assembly District 43,2022-11-27T05:25:54.849302-08:00
True,Dem,113212,0.7136,Laura Friedman,,State Assembly,California,100% (136 of 136) precincts reporting,state-assembly-district-44,22,State Assembly District 44,2022-11-27T05:25:54.849302-08:00
False,Rep,45444,0.2864,Barry Curtis Jacobsen,,State Assembly,California,100% (136 of 136) precincts reporting,state-assembly-district-44,22,State Assembly District 44,2022-11-27T05:25:54.849302-08:00
True,Dem,78502,0.6544,Jesse Gabriel,,State Assembly,California,100% (119 of 119) precincts reporting,state-assembly-district-46,23,State Assembly District 46,2022-11-27T05:25:54.849302-08:00
False,Rep,41461,0.3456,Dana Caruso,,State Assembly,California,100% (119 of 119) precincts reporting,state-assembly-district-46,23,State Assembly District 46,2022-11-27T05:25:54.849302-08:00
True,Dem,60618,0.6083,Blanca Rubio,,State Assembly,California,100% (265 of 265) precincts reporting,state-assembly-district-48,24,State Assembly District 48,2022-11-27T05:25:54.849302-08:00
False,Rep,39031,0.3917,Ryan Maye,,State Assembly,California,100% (265 of 265) precincts reporting,state-assembly-district-48,24,State Assembly District 48,2022-11-27T05:25:54.849302-08:00
True,Dem,65867,0.6664,Mike Fong,,State Assembly,California,100% (184 of 184) precincts reporting,state-assembly-district-49,25,State Assembly District 49,2022-11-27T05:25:54.849302-08:00
False,Rep,32977,0.3336,Burton Brink,,State Assembly,California,100% (184 of 184) precincts reporting,state-assembly-district-49,25,State Assembly District 49,2022-11-27T05:25:54.849302-08:00
False,Dem,62554,0.4515,Louis Abramson,,State Assembly,California,100% (164 of 164) precincts reporting,state-assembly-district-51,26,State Assembly District 51,2022-11-27T05:25:54.849302-08:00
False,Dem,75987,0.5485,Rick Chavez Zbur,,State Assembly,California,100% (164 of 164) precincts reporting,state-assembly-district-51,26,State Assembly District 51,2022-11-27T05:25:54.849302-08:00
True,Dem,64905,0.5692,Wendy Carrillo,,State Assembly,California,100% (146 of 146) precincts reporting,state-assembly-district-52,27,State Assembly District 52,2022-11-27T05:25:54.849302-08:00
False,Dem,49114,0.4308,Mia Livas Porter,,State Assembly,California,100% (146 of 146) precincts reporting,state-assembly-district-52,27,State Assembly District 52,2022-11-27T05:25:54.849302-08:00
True,Dem,48409,0.6008,Freddie Rodriguez,,State Assembly,California,100% (245 of 245) precincts reporting,state-assembly-district-53,28,State Assembly District 53,2022-11-27T05:25:54.849302-08:00
False,Rep,32166,0.3992,Toni Holle,,State Assembly,California,100% (245 of 245) precincts reporting,state-assembly-district-53,28,State Assembly District 53,2022-11-27T05:25:54.849302-08:00
True,Dem,53869,0.786,Miguel Santiago,,State Assembly,California,100% (120 of 120) precincts reporting,state-assembly-district-54,29,State Assembly District 54,2022-11-27T05:25:54.849302-08:00
False,Rep,14670,0.214,Elaine Alaniz,,State Assembly,California,100% (120 of 120) precincts reporting,state-assembly-district-54,29,State Assembly District 54,2022-11-27T05:25:54.849302-08:00
True,Dem,114185,0.8369,Isaac G. Bryan,,State Assembly,California,100% (168 of 168) precincts reporting,state-assembly-district-55,30,State Assembly District 55,2022-11-27T05:25:54.849302-08:00
False,Rep,22254,0.1631,Keith Girolamo Cascio,,State Assembly,California,100% (168 of 168) precincts reporting,state-assembly-district-55,30,State Assembly District 55,2022-11-27T05:25:54.849302-08:00
True,Dem,61943,0.5847,Lisa Calderon,,State Assembly,California,100% (256 of 256) precincts reporting,state-assembly-district-56,31,State Assembly District 56,2022-11-27T05:25:54.849302-08:00
False,Rep,44000,0.4153,Jessica Martinez,,State Assembly,California,100% (256 of 256) precincts reporting,state-assembly-district-56,31,State Assembly District 56,2022-11-27T05:25:54.849302-08:00
True,Dem,40269,1.0,Reggie Jones-Sawyer,,State Assembly,California,100% (110 of 110) precincts reporting,state-assembly-district-57,32,State Assembly District 57,2022-11-27T05:25:54.849302-08:00
True,Dem,58784,0.6361,Tina Simone Mckinnor,,State Assembly,California,100% (182 of 182) precincts reporting,state-assembly-district-61,33,State Assembly District 61,2022-11-27T05:25:54.849302-08:00
False,Dem,33635,0.3639,Robert Pullen-Miles,,State Assembly,California,100% (182 of 182) precincts reporting,state-assembly-district-61,33,State Assembly District 61,2022-11-27T05:25:54.849302-08:00
False,Dem,22230,0.3609,Maria Estrada,,State Assembly,California,100% (131 of 131) precincts reporting,state-assembly-district-62,34,State Assembly District 62,2022-11-27T05:25:54.849302-08:00
True,Dem,39374,0.6391,Anthony Rendon,,State Assembly,California,100% (131 of 131) precincts reporting,state-assembly-district-62,34,State Assembly District 62,2022-11-27T05:25:54.849302-08:00
False,Dem,59386,0.614,Blanca Pacheco,,State Assembly,California,100% (175 of 175) precincts reporting,state-assembly-district-64,35,State Assembly District 64,2022-11-27T05:25:54.849302-08:00
False,Rep,37341,0.386,"Raul Ortiz, Jr.",,State Assembly,California,100% (175 of 175) precincts reporting,state-assembly-district-64,35,State Assembly District 64,2022-11-27T05:25:54.849302-08:00
True,Dem,43044,0.6176,Mike Anthony Gipson,,State Assembly,California,100% (180 of 180) precincts reporting,state-assembly-district-65,36,State Assembly District 65,2022-11-27T05:25:54.849302-08:00
False,Dem,26650,0.3824,Fatima Iqbal-Zubair,,State Assembly,California,100% (180 of 180) precincts reporting,state-assembly-district-65,36,State Assembly District 65,2022-11-27T05:25:54.849302-08:00
True,Dem,99141,0.5994,Al Muratsuchi,,State Assembly,California,100% (147 of 147) precincts reporting,state-assembly-district-66,37,State Assembly District 66,2022-11-27T05:25:54.849302-08:00
False,Rep,66251,0.4006,George Barks,,State Assembly,California,100% (147 of 147) precincts reporting,state-assembly-district-66,37,State Assembly District 66,2022-11-27T05:25:54.849302-08:00
True,Dem,58488,0.5335,Sharon Quirk-Silva,,State Assembly,California,100% (262 of 262) precincts reporting,state-assembly-district-67,38,State Assembly District 67,2022-11-27T05:25:54.849302-08:00
False,Rep,51149,0.4665,Soo Yoo,,State Assembly,California,100% (262 of 262) precincts reporting,state-assembly-district-67,38,State Assembly District 67,2022-11-27T05:25:54.849302-08:00
False,Dem,43598,0.411,Al Austin Ii,,State Assembly,California,100% (139 of 139) precincts reporting,state-assembly-district-69,39,State Assembly District 69,2022-11-27T05:25:54.849302-08:00
False,Dem,62480,0.589,Josh Lowenthal,,State Assembly,California,100% (139 of 139) precincts reporting,state-assembly-district-69,39,State Assembly District 69,2022-11-27T05:25:54.849302-08:00
True,Dem,6301667,0.598,Eleni Kounalakis,,California,California,"100% (25,554 of 25,554) precincts reporting",lieutenant-governor,2,Lieutenant Governor,2022-11-27T05:25:54.849302-08:00
False,Rep,4236177,0.402,Angela E. Underwood Jacobs,,California,California,"100% (25,554 of 25,554) precincts reporting",lieutenant-governor,2,Lieutenant Governor,2022-11-27T05:25:54.849302-08:00
False,Dem,1043507,0.4414,Jose S. Altamirano,,Board of Equalization,California,"99.7% (7,515 of 7,536) precincts reporting",board-of-equalization-district-1,40,Board of Equalization District 1,2022-11-27T05:25:54.849302-08:00
True,Rep,1320396,0.5586,Ted Gaines,,Board of Equalization,California,"99.7% (7,515 of 7,536) precincts reporting",board-of-equalization-district-1,40,Board of Equalization District 1,2022-11-27T05:25:54.849302-08:00
False,Dem,2120895,0.7,Sally J. Lieber,,Board of Equalization,California,"100% (7,416 of 7,416) precincts reporting",board-of-equalization-district-2,41,Board of Equalization District 2,2022-11-27T05:25:54.849302-08:00
False,Rep,908937,0.3,Peter Coe Verbica,,Board of Equalization,California,"100% (7,416 of 7,416) precincts reporting",board-of-equalization-district-2,41,Board of Equalization District 2,2022-11-27T05:25:54.849302-08:00
True,Dem,1481695,0.7044,Tony Vazquez,,Board of Equalization,California,"100% (3,680 of 3,680) precincts reporting",board-of-equalization-district-3,42,Board of Equalization District 3,2022-11-27T05:25:54.849302-08:00
False,NPP,621715,0.2956,Y. Marie Manvel,,Board of Equalization,California,"100% (3,680 of 3,680) precincts reporting",board-of-equalization-district-3,42,Board of Equalization District 3,2022-11-27T05:25:54.849302-08:00
False,Dem,861162,0.4112,David Dodson,,Board of Equalization,California,"100% (6,922 of 6,922) precincts reporting",board-of-equalization-district-4,43,Board of Equalization District 4,2022-11-27T05:25:54.849302-08:00
True,Dem,1232943,0.5888,Mike Schaefer,,Board of Equalization,California,"100% (6,922 of 6,922) precincts reporting",board-of-equalization-district-4,43,Board of Equalization District 4,2022-11-27T05:25:54.849302-08:00
True,Dem,6225501,0.5918,Rob Bonta,,California,California,"100% (25,554 of 25,554) precincts reporting",attorney-general,6,Attorney General,2022-11-27T05:25:54.849302-08:00
False,Rep,4293366,0.4082,Nathan Hochman,,California,California,"100% (25,554 of 25,554) precincts reporting",attorney-general,6,Attorney General,2022-11-27T05:25:54.849302-08:00
